document_id,document_title,document_type,issuing_body,publication_date,url,relevance_to_project,notes
DOC001,The Bureaucratic Challenge to AI Governance: An Empirical Assessment of Implementation at U.S. Federal Agencies,conference paper,ACM AIES,2023-08-08,https://dl.acm.org/doi/10.1145/3600211.3604701,Original replication source,Canonical DOI landing page for the paper.
DOC002,The Bureaucratic Challenge to AI Governance: An Empirical Assessment of Implementation at U.S. Federal Agencies (open PDF),conference paper PDF,Stanford,2023-08-08,https://dho.stanford.edu/wp-content/uploads/AIES-Bureaucratic-Challenge.pdf,Original replication source,Open PDF used for requirement and tracker extraction.
DOC003,Maintaining American Leadership in Artificial Intelligence,executive order,Federal Register,2019-02-14,https://www.federalregister.gov/documents/2019/02/14/2019-02544/maintaining-american-leadership-in-artificial-intelligence,Original replication source,Original policy pillar assessed in the paper.
DOC004,Guidance for Regulation of Artificial Intelligence Applications (M-21-06),OMB memorandum,Office of Management and Budget,2020-11-17,https://www.whitehouse.gov/wp-content/uploads/2020/11/M-21-06.pdf,Original replication source,Key implementation artifact for EO 13859 used in the paper's analysis.
DOC005,Promoting the Use of Trustworthy Artificial Intelligence in the Federal Government,executive order,Federal Register,2020-12-08,https://www.federalregister.gov/documents/2020/12/08/2020-27065/promoting-the-use-of-trustworthy-artificial-intelligence-in-the-federal-government,Original replication source,Original policy pillar assessed in the paper.
DOC006,AI in Government Act of 2020,statute,GovInfo / Public Law 116-260,2020-12-27,https://www.govinfo.gov/app/details/COMPS-16716,Original replication source,Original statutory pillar assessed in the paper.
DOC007,Safe Secure and Trustworthy Development and Use of Artificial Intelligence,executive order,GovInfo,2023-11-01,https://www.govinfo.gov/content/pkg/FR-2023-11-01/pdf/2023-24283.pdf,Update context only,Executive Order 14110 expanded federal AI governance expectations after the paper's original replication window.
DOC008,Advancing Governance Innovation and Risk Management for Agency Use of Artificial Intelligence (M-24-10),OMB memorandum,Office of Management and Budget,2024-03-28,https://www.whitehouse.gov/wp-content/uploads/2024/03/M-24-10-Advancing-Governance-Innovation-and-Risk-Management-for-Agency-Use-of-Artificial-Intelligence.pdf,Update context only,Added new agency-use governance requirements after the original replication period.
DOC009,Initial Rescissions of Harmful Executive Orders and Actions,executive order,GovInfo,2025-01-20,https://www.govinfo.gov/content/pkg/FR-2025-01-28/pdf/2025-01901.pdf,Update context only,Includes the revocation of Executive Order 14110 after the original replication period.
DOC010,Removing Barriers to American Leadership in Artificial Intelligence,executive order,GovInfo,2025-01-23,https://www.govinfo.gov/content/pkg/FR-2025-01-31/pdf/2025-02172.pdf,Update context only,Executive Order 14179 reshaped the policy environment after the original replication period.
DOC011,Accelerating Federal Use of AI through Innovation Governance and Public Trust (M-25-21),OMB memorandum,Office of Management and Budget,2025-04-03,https://www.whitehouse.gov/wp-content/uploads/2025/02/M-25-21-Accelerating-Federal-Use-of-AI-through-Innovation-Governance-and-Public-Trust.pdf,Update context only,Post-paper OMB memo to be used only in the later 2026 update phase.
DOC012,Driving Efficient Acquisition of Artificial Intelligence in Government (M-25-22),OMB memorandum,Office of Management and Budget,2025-04-03,https://www.whitehouse.gov/wp-content/uploads/2025/02/M-25-22-Driving-Efficient-Acquisition-of-Artificial-Intelligence-in-Government.pdf,Update context only,Post-paper procurement memo to be used only in the later 2026 update phase.
DOC013,resources.data.gov,guidance portal,OMB / GSA / OGIS,2026-07-24,https://resources.data.gov,2026 update source,Used conservatively as public evidence of current federal data inventory and guidance infrastructure.
DOC014,Artificial Intelligence Research and Development - NITRD Program,program page,NITRD,2026-07-24,https://www.nitrd.gov/coordination-areas/ai/,2026 update source,Used for ongoing public evidence of federal AI R&D coordination and investment tracking.
DOC015,A Plan for Federal Engagement in Developing AI Technical Standards and Related Tools in response to Executive Order (EO 13859),standards plan page,NIST,2022-04-05,https://www.nist.gov/artificial-intelligence/plan-federal-engagement-developing-ai-technical-standards-and-related-tools,2026 update source,Used to confirm continued public availability of the technical standards engagement plan.
DOC016,Artificial intelligence | GSA,agency AI hub page,GSA,2026-07-10,https://www.gsa.gov/artificial-intelligence,2026 update source,"Used for AI CoE continuity, USAi, use cases, and governance resources."
DOC017,AI strategies and compliance plan | GSA,agency strategy and compliance page,GSA,2025-09-30,https://www.gsa.gov/artificial-intelligence/resources/ai-strategies-and-compliance-plan,2026 update source,Used as public evidence of posted agency strategy and compliance planning under M-25-21.
DOC018,AI Community of Practice | GSA,community page,GSA,2026-07-20,https://www.gsa.gov/artificial-intelligence/ai-community-of-practice,2026 update source,Used as public evidence of cross-agency AI collaboration activity.
DOC019,GSA Advances Tech Talent Strategy with New Presidential Innovation Fellows Class,news release,GSA,2026-04-23,https://www.gsa.gov/about-gsa/newsroom/news-releases/gsa-advances-tech-talent-strategy-with-new-presidential-innovation-fellows-class-04232026,2026 update source,Used to confirm active AI-focused Presidential Innovation Fellows work in 2026.
DOC020,Department of Justice | AI Inventory,agency AI inventory page,Department of Justice,2026-07-24,https://www.justice.gov/ai/ai-inventory,2026 update source,Used as evidence of a current public agency AI inventory and supporting governance process.
DOC021,AI Use Case Inventory | US EPA,agency AI inventory page,Environmental Protection Agency,2026-05-04,https://www.epa.gov/data/ai-use-case-inventory,2026 update source,Used as evidence of a current public agency AI inventory and its update cadence.
DOC022,AI Compliance Plan | US EPA,agency compliance page,Environmental Protection Agency,2025-10-30,https://www.epa.gov/data/ai-compliance-plan,2026 update source,Used as evidence of public agency strategy and compliance planning.
DOC023,The Artificial Intelligence Classification Policy and Talent Acquisition Guidance - The AI in Government Act of 2020,guidance PDF,OPM,2024-04-29,https://www.opm.gov/chcoc/transmittals/2024/The%20Artificial%20Intelligence%20Classification%20Policy%20and%20Talent%20Acquisition%20Guidance%20-%20The%20AI%20in%20Government%20Act%20of%202020.pdf,2026 update source,Used for current public evidence of OPM implementation progress on AI workforce requirements.
DOC024,Artificial Intelligence - FY 2024 Human Capital Reviews - OPM,oversight page,OPM,2026-07-24,https://www.opm.gov/policy-data-oversight/oversight-and-effectiveness/human-capital-reviews/fy-2024-human-capital-reviews/artificial-intelligence/,2026 update source,Used for public evidence of OPM AI workforce support and follow-on implementation activity.
DOC025,Fact Sheet: President Donald J. Trump Signs Historic Directive on AI in the National Security Enterprise,fact sheet,The White House,2026-06-05,https://www.whitehouse.gov/fact-sheets/2026/06/fact-sheet-president-donald-j-trump-signs-historic-directive-on-ai-in-the-national-security-enterprise/,2026 update source,Used as update-context evidence for national-security AI policy replacement logic.
DOC026,AI.Gov | President Trump's AI Strategy and Action Plan,White House AI portal,The White House,2026-07-24,https://www.ai.gov/,2026 update source,Used as broad strategic public context in the July 24 2026 coding pass.
DOC027,Identifying Priority Access or Quality Improvements for Federal Data and Models for Artificial Intelligence Research and Development and Testing,Federal Register notice,Federal Register,2019-07-10,https://www.federalregister.gov/documents/2019/07/10/2019-14618/identifying-priority-access-or-quality-improvements-for-federal-data-and-models-for-artificial,2026 update source,Used as direct public evidence for the EO 13859 data and model access request-for-information requirement.
DOC028,"Request for Comments on a Draft Memorandum to the Heads of Executive Departments and Agencies, Guidance for Regulation of Artificial Intelligence Applications",Federal Register notice,Federal Register,2020-01-13,https://www.federalregister.gov/documents/2020/01/13/2020-00261/request-for-comments-on-a-draft-memorandum-to-the-heads-of-executive-departments-and-agencies,2026 update source,Used as public rulemaking evidence connected to the AI regulation guidance workflow.
DOC029,Executive Order 14179 - Removing Barriers to American Leadership in Artificial Intelligence,GovInfo executive order,GovInfo,2025-01-23,https://www.govinfo.gov/app/details/DCPD-202500170,2026 update source,Canonical GovInfo details page used in the 2026 source registry.
DOC030,Recommendations for Leveraging Cloud Computing Resources for Federally Funded Artificial Intelligence Research and Development,NITRD report page,NITRD,2020-11-17,https://www.nitrd.gov/recommendations-for-leveraging-cloud-computing-resources-for-federally-funded-artificial-intelligence-research-and-development/,2026 update source,Used as direct public evidence for the cloud-computing recommendations requirement.
DOC031,Department of Justice Compliance Plan for OMB Memorandum M-24-10,agency compliance plan PDF,Department of Justice,2024-10-01,https://www.justice.gov/media/1373026/dl,2026 update source,Used as public evidence of agency AI governance planning and compliance work.
DOC032,2025 GSA AI use cases,agency AI inventory page,GSA,2026-07-24,https://www.gsa.gov/artificial-intelligence/2025-gsa-ai-use-cases,2026 update source,Used as a public agency AI use-case inventory page in the 2026 source registry.
DOC033,VA Artificial Intelligence - U.S. Department of Veterans Affairs,agency AI hub page,U.S. Department of Veterans Affairs,2026-07-24,https://department.va.gov/ai/,2026 update source,Used as a public agency AI hub source in the 2026 source registry.
DOC034,Artificial Intelligence (AI) - United States Department of State,agency AI hub page,U.S. Department of State,2026-07-24,https://www.state.gov/artificial-intelligence,2026 update source,Used as a public agency AI hub source in the 2026 source registry.
